<?xml version="1.0" encoding="UTF-8"?>
<ti:module xmlns:ti="http://ti.appcelerator.org" xmlns:android="http://schemas.android.com/apk/res/android">
	<!--
		Similar to tiapp.xml, but contains module/platform specific
		configuration in <iphone>, <android>, and <mobileweb> sections
	-->
	<iphone>
	</iphone>
	<android xmlns:android="http://schemas.android.com/apk/res/android">
		<manifest>
			<uses-permission android:name="android.permission.NFC" />
			<uses-sdk android:minSdkVersion="10"/>
			<!-- If your application uses NFC functionality, but that functionality is not crucial to your application, you can omit the uses-feature element and check for NFC avalailbility at runtime by checking to see if getDefaultAdapter() is null. -->
			<uses-feature android:name="android.hardware.nfc" android:required="false" />
		</manifest>
	</android>
	<mobileweb>
	</mobileweb>
</ti:module>
